{
  "project_info": {
    "project_number": "226466302276",
    "firebase_url": "https://fir-demo-cdd2e.firebaseio.com",
    "project_id": "fir-demo-cdd2e",
    "storage_bucket": "fir-demo-cdd2e.appspot.com"
  },
  "client": [
    {
      "client_info": {
        "mobilesdk_app_id": "1:226466302276:android:d54e22c4c91f8f78",
        "android_client_info": {
          "package_name": "com.omomys.firebasedemo"
        }
      },
      "oauth_client": [
        {
          "client_id": "226466302276-crternjtafp1eagi64dah0l6pu9p9bbv.apps.googleusercontent.com",
          "client_type": 1,
          "android_info": {
            "package_name": "com.omomys.firebasedemo",
            "certificate_hash": "A53DFF20F32BC91328924BE0C75EC00E4567C4CE"
          }
        },
        {
          "client_id": "226466302276-lcpesp1o6bgr4qa8dgkug0jl3eap99ds.apps.googleusercontent.com",
          "client_type": 3
        }
      ],
      "api_key": [
        {
          "current_key": "AIzaSyD6LP6f14KslcDQqyQV_yIifzVY_LiT548"
        }
      ],
      "services": {
        "analytics_service": {
          "status": 1
        },
        "appinvite_service": {
          "status": 2,
          "other_platform_oauth_client": [
            {
              "client_id": "226466302276-lcpesp1o6bgr4qa8dgkug0jl3eap99ds.apps.googleusercontent.com",
              "client_type": 3
            }
          ]
        },
        "ads_service": {
          "status": 2
        }
      }
    }
  ],
  "configuration_version": "1"
}